Grid_ID,Grid_Row,Grid_Col,Center_Latitude,Center_Longitude,Min_Latitude,Max_Latitude,Min_Longitude,Max_Longitude
0_0,0,0,37.803475,139.606254,37.75843,37.84852,139.549091,139.663417
1_0,0,1,37.803475,139.72058,37.75843,37.84852,139.663417,139.777743
2_0,0,2,37.803475,139.834906,37.75843,37.84852,139.777743,139.892069
3_0,0,3,37.803475,139.949232,37.75843,37.84852,139.892069,140.006395
4_0,0,4,37.803475,140.063558,37.75843,37.84852,140.006395,140.120721
5_0,0,5,37.803475,140.177884,37.75843,37.84852,140.120721,140.235047
6_0,0,6,37.803475,140.29221,37.75843,37.84852,140.235047,140.349373
7_0,0,7,37.803475,140.406536,37.75843,37.84852,140.349373,140.463699
8_0,0,8,37.803475,140.520862,37.75843,37.84852,140.463699,140.578025
0_1,1,0,37.893566,139.606254,37.84852,37.938611,139.549091,139.663417
1_1,1,1,37.893566,139.72058,37.84852,37.938611,139.663417,139.777743
2_1,1,2,37.893566,139.834906,37.84852,37.938611,139.777743,139.892069
3_1,1,3,37.893566,139.949232,37.84852,37.938611,139.892069,140.006395
4_1,1,4,37.893566,140.063558,37.84852,37.938611,140.006395,140.120721
5_1,1,5,37.893566,140.177884,37.84852,37.938611,140.120721,140.235047
6_1,1,6,37.893566,140.29221,37.84852,37.938611,140.235047,140.349373
7_1,1,7,37.893566,140.406536,37.84852,37.938611,140.349373,140.463699
8_1,1,8,37.893566,140.520862,37.84852,37.938611,140.463699,140.578025
0_2,2,0,37.983656,139.606254,37.938611,38.028701,139.549091,139.663417
1_2,2,1,37.983656,139.72058,37.938611,38.028701,139.663417,139.777743
2_2,2,2,37.983656,139.834906,37.938611,38.028701,139.777743,139.892069
3_2,2,3,37.983656,139.949232,37.938611,38.028701,139.892069,140.006395
4_2,2,4,37.983656,140.063558,37.938611,38.028701,140.006395,140.120721
5_2,2,5,37.983656,140.177884,37.938611,38.028701,140.120721,140.235047
6_2,2,6,37.983656,140.29221,37.938611,38.028701,140.235047,140.349373
7_2,2,7,37.983656,140.406536,37.938611,38.028701,140.349373,140.463699
8_2,2,8,37.983656,140.520862,37.938611,38.028701,140.463699,140.578025
0_3,3,0,38.073746,139.606254,38.028701,38.118791,139.549091,139.663417
1_3,3,1,38.073746,139.72058,38.028701,38.118791,139.663417,139.777743
2_3,3,2,38.073746,139.834906,38.028701,38.118791,139.777743,139.892069
3_3,3,3,38.073746,139.949232,38.028701,38.118791,139.892069,140.006395
4_3,3,4,38.073746,140.063558,38.028701,38.118791,140.006395,140.120721
5_3,3,5,38.073746,140.177884,38.028701,38.118791,140.120721,140.235047
6_3,3,6,38.073746,140.29221,38.028701,38.118791,140.235047,140.349373
7_3,3,7,38.073746,140.406536,38.028701,38.118791,140.349373,140.463699
8_3,3,8,38.073746,140.520862,38.028701,38.118791,140.463699,140.578025
0_4,4,0,38.163836,139.606254,38.118791,38.208881,139.549091,139.663417
1_4,4,1,38.163836,139.72058,38.118791,38.208881,139.663417,139.777743
2_4,4,2,38.163836,139.834906,38.118791,38.208881,139.777743,139.892069
3_4,4,3,38.163836,139.949232,38.118791,38.208881,139.892069,140.006395
4_4,4,4,38.163836,140.063558,38.118791,38.208881,140.006395,140.120721
5_4,4,5,38.163836,140.177884,38.118791,38.208881,140.120721,140.235047
6_4,4,6,38.163836,140.29221,38.118791,38.208881,140.235047,140.349373
7_4,4,7,38.163836,140.406536,38.118791,38.208881,140.349373,140.463699
8_4,4,8,38.163836,140.520862,38.118791,38.208881,140.463699,140.578025
0_5,5,0,38.253926,139.606254,38.208881,38.298971,139.549091,139.663417
1_5,5,1,38.253926,139.72058,38.208881,38.298971,139.663417,139.777743
2_5,5,2,38.253926,139.834906,38.208881,38.298971,139.777743,139.892069
3_5,5,3,38.253926,139.949232,38.208881,38.298971,139.892069,140.006395
4_5,5,4,38.253926,140.063558,38.208881,38.298971,140.006395,140.120721
5_5,5,5,38.253926,140.177884,38.208881,38.298971,140.120721,140.235047
6_5,5,6,38.253926,140.29221,38.208881,38.298971,140.235047,140.349373
7_5,5,7,38.253926,140.406536,38.208881,38.298971,140.349373,140.463699
8_5,5,8,38.253926,140.520862,38.208881,38.298971,140.463699,140.578025
0_6,6,0,38.344016,139.606254,38.298971,38.389061,139.549091,139.663417
1_6,6,1,38.344016,139.72058,38.298971,38.389061,139.663417,139.777743
2_6,6,2,38.344016,139.834906,38.298971,38.389061,139.777743,139.892069
3_6,6,3,38.344016,139.949232,38.298971,38.389061,139.892069,140.006395
4_6,6,4,38.344016,140.063558,38.298971,38.389061,140.006395,140.120721
5_6,6,5,38.344016,140.177884,38.298971,38.389061,140.120721,140.235047
6_6,6,6,38.344016,140.29221,38.298971,38.389061,140.235047,140.349373
7_6,6,7,38.344016,140.406536,38.298971,38.389061,140.349373,140.463699
8_6,6,8,38.344016,140.520862,38.298971,38.389061,140.463699,140.578025
0_7,7,0,38.434106,139.606254,38.389061,38.479151,139.549091,139.663417
1_7,7,1,38.434106,139.72058,38.389061,38.479151,139.663417,139.777743
2_7,7,2,38.434106,139.834906,38.389061,38.479151,139.777743,139.892069
3_7,7,3,38.434106,139.949232,38.389061,38.479151,139.892069,140.006395
4_7,7,4,38.434106,140.063558,38.389061,38.479151,140.006395,140.120721
5_7,7,5,38.434106,140.177884,38.389061,38.479151,140.120721,140.235047
6_7,7,6,38.434106,140.29221,38.389061,38.479151,140.235047,140.349373
7_7,7,7,38.434106,140.406536,38.389061,38.479151,140.349373,140.463699
8_7,7,8,38.434106,140.520862,38.389061,38.479151,140.463699,140.578025
0_8,8,0,38.524196,139.606254,38.479151,38.569241,139.549091,139.663417
1_8,8,1,38.524196,139.72058,38.479151,38.569241,139.663417,139.777743
2_8,8,2,38.524196,139.834906,38.479151,38.569241,139.777743,139.892069
3_8,8,3,38.524196,139.949232,38.479151,38.569241,139.892069,140.006395
4_8,8,4,38.524196,140.063558,38.479151,38.569241,140.006395,140.120721
5_8,8,5,38.524196,140.177884,38.479151,38.569241,140.120721,140.235047
6_8,8,6,38.524196,140.29221,38.479151,38.569241,140.235047,140.349373
7_8,8,7,38.524196,140.406536,38.479151,38.569241,140.349373,140.463699
8_8,8,8,38.524196,140.520862,38.479151,38.569241,140.463699,140.578025
0_9,9,0,38.614286,139.606254,38.569241,38.659331,139.549091,139.663417
1_9,9,1,38.614286,139.72058,38.569241,38.659331,139.663417,139.777743
2_9,9,2,38.614286,139.834906,38.569241,38.659331,139.777743,139.892069
3_9,9,3,38.614286,139.949232,38.569241,38.659331,139.892069,140.006395
4_9,9,4,38.614286,140.063558,38.569241,38.659331,140.006395,140.120721
5_9,9,5,38.614286,140.177884,38.569241,38.659331,140.120721,140.235047
6_9,9,6,38.614286,140.29221,38.569241,38.659331,140.235047,140.349373
7_9,9,7,38.614286,140.406536,38.569241,38.659331,140.349373,140.463699
8_9,9,8,38.614286,140.520862,38.569241,38.659331,140.463699,140.578025
0_10,10,0,38.704376,139.606254,38.659331,38.749421,139.549091,139.663417
1_10,10,1,38.704376,139.72058,38.659331,38.749421,139.663417,139.777743
2_10,10,2,38.704376,139.834906,38.659331,38.749421,139.777743,139.892069
3_10,10,3,38.704376,139.949232,38.659331,38.749421,139.892069,140.006395
4_10,10,4,38.704376,140.063558,38.659331,38.749421,140.006395,140.120721
5_10,10,5,38.704376,140.177884,38.659331,38.749421,140.120721,140.235047
6_10,10,6,38.704376,140.29221,38.659331,38.749421,140.235047,140.349373
7_10,10,7,38.704376,140.406536,38.659331,38.749421,140.349373,140.463699
8_10,10,8,38.704376,140.520862,38.659331,38.749421,140.463699,140.578025
0_11,11,0,38.794466,139.606254,38.749421,38.839511,139.549091,139.663417
1_11,11,1,38.794466,139.72058,38.749421,38.839511,139.663417,139.777743
2_11,11,2,38.794466,139.834906,38.749421,38.839511,139.777743,139.892069
3_11,11,3,38.794466,139.949232,38.749421,38.839511,139.892069,140.006395
4_11,11,4,38.794466,140.063558,38.749421,38.839511,140.006395,140.120721
5_11,11,5,38.794466,140.177884,38.749421,38.839511,140.120721,140.235047
6_11,11,6,38.794466,140.29221,38.749421,38.839511,140.235047,140.349373
7_11,11,7,38.794466,140.406536,38.749421,38.839511,140.349373,140.463699
8_11,11,8,38.794466,140.520862,38.749421,38.839511,140.463699,140.578025
0_12,12,0,38.884557,139.606254,38.839511,38.929602,139.549091,139.663417
1_12,12,1,38.884557,139.72058,38.839511,38.929602,139.663417,139.777743
2_12,12,2,38.884557,139.834906,38.839511,38.929602,139.777743,139.892069
3_12,12,3,38.884557,139.949232,38.839511,38.929602,139.892069,140.006395
4_12,12,4,38.884557,140.063558,38.839511,38.929602,140.006395,140.120721
5_12,12,5,38.884557,140.177884,38.839511,38.929602,140.120721,140.235047
6_12,12,6,38.884557,140.29221,38.839511,38.929602,140.235047,140.349373
7_12,12,7,38.884557,140.406536,38.839511,38.929602,140.349373,140.463699
8_12,12,8,38.884557,140.520862,38.839511,38.929602,140.463699,140.578025
0_13,13,0,38.974647,139.606254,38.929602,39.019692,139.549091,139.663417
1_13,13,1,38.974647,139.72058,38.929602,39.019692,139.663417,139.777743
2_13,13,2,38.974647,139.834906,38.929602,39.019692,139.777743,139.892069
3_13,13,3,38.974647,139.949232,38.929602,39.019692,139.892069,140.006395
4_13,13,4,38.974647,140.063558,38.929602,39.019692,140.006395,140.120721
5_13,13,5,38.974647,140.177884,38.929602,39.019692,140.120721,140.235047
6_13,13,6,38.974647,140.29221,38.929602,39.019692,140.235047,140.349373
7_13,13,7,38.974647,140.406536,38.929602,39.019692,140.349373,140.463699
8_13,13,8,38.974647,140.520862,38.929602,39.019692,140.463699,140.578025
0_14,14,0,39.064737,139.606254,39.019692,39.109782,139.549091,139.663417
1_14,14,1,39.064737,139.72058,39.019692,39.109782,139.663417,139.777743
2_14,14,2,39.064737,139.834906,39.019692,39.109782,139.777743,139.892069
3_14,14,3,39.064737,139.949232,39.019692,39.109782,139.892069,140.006395
4_14,14,4,39.064737,140.063558,39.019692,39.109782,140.006395,140.120721
5_14,14,5,39.064737,140.177884,39.019692,39.109782,140.120721,140.235047
6_14,14,6,39.064737,140.29221,39.019692,39.109782,140.235047,140.349373
7_14,14,7,39.064737,140.406536,39.019692,39.109782,140.349373,140.463699
8_14,14,8,39.064737,140.520862,39.019692,39.109782,140.463699,140.578025
0_15,15,0,39.154827,139.606254,39.109782,39.199872,139.549091,139.663417
1_15,15,1,39.154827,139.72058,39.109782,39.199872,139.663417,139.777743
2_15,15,2,39.154827,139.834906,39.109782,39.199872,139.777743,139.892069
3_15,15,3,39.154827,139.949232,39.109782,39.199872,139.892069,140.006395
4_15,15,4,39.154827,140.063558,39.109782,39.199872,140.006395,140.120721
5_15,15,5,39.154827,140.177884,39.109782,39.199872,140.120721,140.235047
6_15,15,6,39.154827,140.29221,39.109782,39.199872,140.235047,140.349373
7_15,15,7,39.154827,140.406536,39.109782,39.199872,140.349373,140.463699
8_15,15,8,39.154827,140.520862,39.109782,39.199872,140.463699,140.578025
